<?xml version="1.0" encoding="UTF-8"?><metadata>
    <idinfo>
        <citation>
            <citeinfo>
                <title>Syracuse Neighborhoods</title>
                <onlink>https://services.arcgis.com/uDTUpUPbk8X8mXwl/arcgis/rest/services/Syracuse_Neighborhoods/FeatureServer</onlink>
            </citeinfo>
        </citation>
        <descript>
            <abstract> Planning Neighborhood Boundaries for the City of Syracuse.</abstract>
            <purpose>Neighborhoods in the City of Syracuse. Identified by the City of Syracuse, 2010. Shapefile updated the fall of 2011.</purpose>
        </descript>
        <keywords>
            <theme>
                <themekt>None</themekt>
                <themekey>boundaries</themekey>
            </theme>
        </keywords>
        <accconst>Other Constraints</accconst>
        <useconst>This data is made available under the Public Domain Dedication and License v1.0 whose full text can be found at: http://www.opendatacommons.org/licenses/pddl/1.0/The City of Syracuse makes no claims as to the accuracy of this data for any other purpose other than its intended use by the City of Syracuse. The City of Syracuse does not warrant the accuracy of the data contained in the database. The contents of the database are not to be used for property conveyance purposes.</useconst>
        <datacred>City of Syracuse, Bureau of Planning and Sustainability</datacred>
    </idinfo>
    <eainfo>
        <detailed>
            <enttyp>
                <enttypl>Syracuse Neighborhoods</enttypl>
                <enttypd>Planning Neighborhood Boundaries for the City of Syracuse.</enttypd>
                <enttypds>NBD</enttypds>
            </enttyp>
            <attr>
                <attrlabl>FID</attrlabl>
                <attrdef>FID</attrdef>
                <attrdefs>NBD</attrdefs>
            </attr>
            <attr>
                <attrlabl>AREA</attrlabl>
                <attrdef>AREA Description</attrdef>
                <attrdefs>NBD</attrdefs>
            </attr>
            <attr>
                <attrlabl>PERIMETER</attrlabl>
                <attrdef>Perimeter specification</attrdef>
                <attrdefs>NBD</attrdefs>
            </attr>
            <attr>
                <attrlabl>TNTNEIGHBO</attrlabl>
                <attrdefs>NBD</attrdefs>
            </attr>
            <attr>
                <attrlabl>TNTNEIGH_1</attrlabl>
                <attrdefs>NBD</attrdefs>
            </attr>
            <attr>
                <attrlabl>NAME</attrlabl>
                <attrdef>Specifies the NAME</attrdef>
                <attrdefs>NBD</attrdefs>
            </attr>
            <attr>
                <attrlabl>Neigh_Cate</attrlabl>
                <attrdef>Neigh Cate</attrdef>
                <attrdefs>NBD</attrdefs>
            </attr>
            <attr>
                <attrlabl>MedHouseho</attrlabl>
                <attrdef>MedHouseho</attrdef>
                <attrdefs>NBD</attrdefs>
            </attr>
            <attr>
                <attrlabl>PercentMSA</attrlabl>
                <attrdef>PercentMSA</attrdef>
                <attrdefs>NBD</attrdefs>
            </attr>
            <attr>
                <attrlabl>acres</attrlabl>
                <attrdef>acres</attrdef>
                <attrdefs>NBD</attrdefs>
            </attr>
        </detailed>
    </eainfo>
    <metainfo>
        <metd>20221110</metd>
        <metc>
            <cntinfo>
                <!--no contact person or organization name available-->
            </cntinfo>
        </metc>
        <metstdn>FGDC Content Standard for Digital Geospatial Metadata</metstdn>
        <metstdv>FGDC-STD-001-1998</metstdv>
        <mettc>local time</mettc>
    </metainfo>
</metadata>
